OK	/api/alfabot	/api/alfabot
OK	/api/alfabot/inquiry	/api/alfabot/inquiry
OK	/api/alfabot/lead	/api/alfabot/lead
OK	/api/auth/bootstrap	/api/auth/bootstrap
OK	/api/auth/onboarding-status	/api/auth/onboarding-status
OK	/api/auth/pre-check	/api/auth/pre-check
OK	/api/auth/session	/api/auth/session
OK	/api/board-score	/api/board-score
OK	/api/client-error	/api/client-error
OK	/api/content/diagram	/api/content/diagram
PREFIX_OK	/api/cron/	(prefix of route)
OK	/api/dashboard/reviews-due	/api/dashboard/reviews-due
OK	/api/diagnostic/complete	/api/diagnostic/complete
DISCONNECTED	/api/diagnostic/complete/route.ts	-
OK	/api/diagnostic/start	/api/diagnostic/start
OK	/api/dive/artifact	/api/dive/artifact
OK	/api/dive/history	/api/dive/history
OK	/api/dive/start	/api/dive/start
OK	/api/dive/state	/api/dive/state
DISCONNECTED	/api/exams/attempts/[id]	-
OK	/api/exams/papers	/api/exams/papers
OK	/api/exams/papers/	/api/exams/papers
OK	/api/exams/papers/[id]/autosave	/api/exams/papers/[id]/autosave
OK	/api/exams/sync-mastery	/api/exams/sync-mastery
OK	/api/feature-flags/check	/api/feature-flags/check
OK	/api/feature-flags/voice	/api/feature-flags/voice
OK	/api/foxy	/api/foxy
OK	/api/foxy/feedback	/api/foxy/feedback
OK	/api/foxy/learning-action	/api/foxy/learning-action
OK	/api/foxy/quiz-answer	/api/foxy/quiz-answer
OK	/api/foxy/sessions	/api/foxy/sessions
OK	/api/foxy/suggest-prompts	/api/foxy/suggest-prompts
OK	/api/foxy/voice	/api/foxy/voice
PREFIX_OK	/api/internal/admin	(prefix of route)
PREFIX_OK	/api/internal/admin/	(prefix of route)
OK	/api/internal/admin/ai-monitor	/api/internal/admin/ai-monitor
OK	/api/internal/admin/bulk-action	/api/internal/admin/bulk-action
OK	/api/internal/admin/command-center	/api/internal/admin/command-center
OK	/api/internal/admin/content	/api/internal/admin/content
OK	/api/internal/admin/feature-flags	/api/internal/admin/feature-flags
OK	/api/internal/admin/logs	/api/internal/admin/logs
OK	/api/internal/admin/reports	/api/internal/admin/reports
OK	/api/internal/admin/revenue	/api/internal/admin/revenue
OK	/api/internal/admin/schools	/api/internal/admin/schools
OK	/api/internal/admin/support	/api/internal/admin/support
OK	/api/internal/admin/users	/api/internal/admin/users
OK	/api/internal/admin/users/	/api/internal/admin/users
PREFIX_OK	/api/internal/cron/	(prefix of route)
OK	/api/learn/prereq-check	/api/learn/prereq-check
OK	/api/learn/remediation	/api/learn/remediation
OK	/api/learner/cards/create	/api/learner/cards/create
OK	/api/learner/lesson/progress	/api/learner/lesson/progress
OK	/api/learner/memory	/api/learner/memory
OK	/api/learner/next	/api/learner/next
OK	/api/learner/preferences	/api/learner/preferences
OK	/api/learner/queue-from-scan	/api/learner/queue-from-scan
OK	/api/learner/review/grade	/api/learner/review/grade
OK	/api/learner/revise-stack	/api/learner/revise-stack
OK	/api/learner/scheduled	/api/learner/scheduled
OK	/api/learner/weak-topics	/api/learner/weak-topics
OK	/api/lesson	/api/lesson
OK	/api/og	/api/og
OK	/api/parent/approve-link	/api/parent/approve-link
OK	/api/parent/billing	/api/parent/billing
OK	/api/parent/calendar	/api/parent/calendar
PREFIX_OK	/api/parent/children/	(prefix of route)
OK	/api/parent/consent	/api/parent/consent
DISCONNECTED	/api/parent/consent/pending	-
OK	/api/parent/link-code/redeem	/api/parent/link-code/redeem
OK	/api/parent/link-code/request-otp	/api/parent/link-code/request-otp
OK	/api/parent/messages	/api/parent/messages
OK	/api/parent/messages/threads	/api/parent/messages/threads
OK	/api/parent/messages/threads/	/api/parent/messages/threads
OK	/api/parent/notifications	/api/parent/notifications
OK	/api/parent/notifications/	/api/parent/notifications
OK	/api/parent/notifications/mark-all-read	/api/parent/notifications/mark-all-read
OK	/api/parent/report	/api/parent/report
OK	/api/payments/cancel	/api/payments/cancel
OK	/api/payments/create-order	/api/payments/create-order
OK	/api/payments/status	/api/payments/status
OK	/api/payments/subscribe	/api/payments/subscribe
OK	/api/payments/verify	/api/payments/verify
OK	/api/payments/webhook	/api/payments/webhook
DISCONNECTED	/api/play/mission-progress	-
OK	/api/practice/history	/api/practice/history
PREFIX_OK	/api/pulse/class/	(prefix of route)
OK	/api/pulse/class/[classId]	/api/pulse/class/[classId]
OK	/api/pulse/me	/api/pulse/me
OK	/api/pulse/school	/api/pulse/school
PREFIX_OK	/api/pulse/student/	(prefix of route)
OK	/api/pulse/student/[id]	/api/pulse/student/[id]
DISCONNECTED	/api/py	-
PREFIX_OK	/api/quiz/session/	(prefix of route)
OK	/api/quiz/submit	/api/quiz/submit
OK	/api/revision/overview	/api/revision/overview
PREFIX_OK	/api/rhythm/remediation/	(prefix of route)
OK	/api/rhythm/today	/api/rhythm/today
OK	/api/scan-solve	/api/scan-solve
OK	/api/school-admin/ai-assistant	/api/school-admin/ai-assistant
OK	/api/school-admin/announcements	/api/school-admin/announcements
OK	/api/school-admin/api-keys	/api/school-admin/api-keys
OK	/api/school-admin/audit-log	/api/school-admin/audit-log
OK	/api/school-admin/branding	/api/school-admin/branding
OK	/api/school-admin/classes	/api/school-admin/classes
OK	/api/school-admin/classes-at-risk	/api/school-admin/classes-at-risk
OK	/api/school-admin/content	/api/school-admin/content
OK	/api/school-admin/content/bulk	/api/school-admin/content/bulk
OK	/api/school-admin/escalations	/api/school-admin/escalations
OK	/api/school-admin/exams	/api/school-admin/exams
OK	/api/school-admin/invite-codes	/api/school-admin/invite-codes
OK	/api/school-admin/invoices	/api/school-admin/invoices
OK	/api/school-admin/leadership	/api/school-admin/leadership
OK	/api/school-admin/modules	/api/school-admin/modules
OK	/api/school-admin/overview	/api/school-admin/overview
OK	/api/school-admin/parents	/api/school-admin/parents
OK	/api/school-admin/rbac	/api/school-admin/rbac
OK	/api/school-admin/reports	/api/school-admin/reports
OK	/api/school-admin/reports/bloom	/api/school-admin/reports/bloom
OK	/api/school-admin/reports/export	/api/school-admin/reports/export
OK	/api/school-admin/reports/mastery	/api/school-admin/reports/mastery
OK	/api/school-admin/safeguarding	/api/school-admin/safeguarding
OK	/api/school-admin/staff	/api/school-admin/staff
OK	/api/school-admin/subscription	/api/school-admin/subscription
OK	/api/school-admin/teacher-engagement	/api/school-admin/teacher-engagement
OK	/api/school-admin/tenant-config	/api/school-admin/tenant-config
OK	/api/school-config	/api/school-config
OK	/api/school-config/manifest	/api/school-config/manifest
OK	/api/schools/enroll	/api/schools/enroll
OK	/api/schools/join	/api/schools/join
OK	/api/schools/setup/classes	/api/schools/setup/classes
OK	/api/schools/setup/invite-codes	/api/schools/setup/invite-codes
OK	/api/schools/setup/profile	/api/schools/setup/profile
OK	/api/schools/trial	/api/schools/trial
OK	/api/state/decisions	/api/state/decisions
PREFIX_OK	/api/student/	(prefix of route)
PREFIX_OK	/api/student/assignments/	(prefix of route)
OK	/api/student/chapters	/api/student/chapters
OK	/api/student/daily-lab/claim	/api/student/daily-lab/claim
OK	/api/student/daily-plan	/api/student/daily-plan
OK	/api/student/engagement	/api/student/engagement
OK	/api/student/foxy-interaction	/api/student/foxy-interaction
OK	/api/student/grade-conclusion	/api/student/grade-conclusion
OK	/api/student/preferences	/api/student/preferences
OK	/api/student/shop/purchase	/api/student/shop/purchase
OK	/api/student/subjects	/api/student/subjects
PREFIX_OK	/api/students/	(prefix of route)
PREFIX_OK	/api/super-admin	(prefix of route)
OK	/api/super-admin/adaptive-loops	/api/super-admin/adaptive-loops
OK	/api/super-admin/ai-quality	/api/super-admin/ai-quality
OK	/api/super-admin/ai/irt-readiness	/api/super-admin/ai/irt-readiness
OK	/api/super-admin/ai/oracle-health	/api/super-admin/ai/oracle-health
OK	/api/super-admin/alfabot/denylist	/api/super-admin/alfabot/denylist
OK	/api/super-admin/alfabot/sessions	/api/super-admin/alfabot/sessions
OK	/api/super-admin/alfabot/sessions/	/api/super-admin/alfabot/sessions
OK	/api/super-admin/alfabot/stats	/api/super-admin/alfabot/stats
OK	/api/super-admin/analytics	/api/super-admin/analytics
OK	/api/super-admin/analytics-v2	/api/super-admin/analytics-v2
OK	/api/super-admin/analytics-v2/b2b	/api/super-admin/analytics-v2/b2b
OK	/api/super-admin/bulk-actions/notify	/api/super-admin/bulk-actions/notify
OK	/api/super-admin/bulk-actions/plan-change	/api/super-admin/bulk-actions/plan-change
OK	/api/super-admin/bulk-actions/resend-invites	/api/super-admin/bulk-actions/resend-invites
OK	/api/super-admin/bulk-actions/suspend-restore	/api/super-admin/bulk-actions/suspend-restore
OK	/api/super-admin/bulk-upload	/api/super-admin/bulk-upload
OK	/api/super-admin/cms	/api/super-admin/cms
OK	/api/super-admin/content	/api/super-admin/content
OK	/api/super-admin/content-coverage	/api/super-admin/content-coverage
OK	/api/super-admin/demo-accounts	/api/super-admin/demo-accounts
OK	/api/super-admin/deploy	/api/super-admin/deploy
OK	/api/super-admin/entitlements	/api/super-admin/entitlements
OK	/api/super-admin/feature-flags	/api/super-admin/feature-flags
OK	/api/super-admin/foxy-quality	/api/super-admin/foxy-quality
PREFIX_OK	/api/super-admin/foxy-report/	(prefix of route)
OK	/api/super-admin/goal-profiles	/api/super-admin/goal-profiles
OK	/api/super-admin/grounding/ai-issues	/api/super-admin/grounding/ai-issues
OK	/api/super-admin/grounding/coverage	/api/super-admin/grounding/coverage
OK	/api/super-admin/grounding/health	/api/super-admin/grounding/health
OK	/api/super-admin/grounding/traces	/api/super-admin/grounding/traces
OK	/api/super-admin/grounding/verification-queue	/api/super-admin/grounding/verification-queue
OK	/api/super-admin/health	/api/super-admin/health
OK	/api/super-admin/improvement	/api/super-admin/improvement
OK	/api/super-admin/improvement/deploy	/api/super-admin/improvement/deploy
OK	/api/super-admin/improvement/learning-monitors	/api/super-admin/improvement/learning-monitors
OK	/api/super-admin/improvement/learning-quality	/api/super-admin/improvement/learning-quality
OK	/api/super-admin/improvement/qa-gate	/api/super-admin/improvement/qa-gate
OK	/api/super-admin/improvement/staging	/api/super-admin/improvement/staging
OK	/api/super-admin/institutions	/api/super-admin/institutions
OK	/api/super-admin/institutions/	/api/super-admin/institutions
OK	/api/super-admin/institutions/attach-vercel-domain	/api/super-admin/institutions/attach-vercel-domain
OK	/api/super-admin/institutions/bulk-onboard	/api/super-admin/institutions/bulk-onboard
OK	/api/super-admin/institutions/health	/api/super-admin/institutions/health
OK	/api/super-admin/institutions/provision	/api/super-admin/institutions/provision
OK	/api/super-admin/institutions/verify-domain	/api/super-admin/institutions/verify-domain
OK	/api/super-admin/intelligence/geography	/api/super-admin/intelligence/geography
OK	/api/super-admin/intelligence/overview	/api/super-admin/intelligence/overview
OK	/api/super-admin/intelligence/revenue	/api/super-admin/intelligence/revenue
PREFIX_OK	/api/super-admin/intelligence/school/	(prefix of route)
OK	/api/super-admin/intelligence/schools	/api/super-admin/intelligence/schools
OK	/api/super-admin/invoices	/api/super-admin/invoices
OK	/api/super-admin/login	/api/super-admin/login
OK	/api/super-admin/logout	/api/super-admin/logout
OK	/api/super-admin/logs	/api/super-admin/logs
OK	/api/super-admin/marking-integrity	/api/super-admin/marking-integrity
OK	/api/super-admin/marking-integrity/	/api/super-admin/marking-integrity
OK	/api/super-admin/marking-path-mix	/api/super-admin/marking-path-mix
OK	/api/super-admin/misconceptions	/api/super-admin/misconceptions
OK	/api/super-admin/module-overrides	/api/super-admin/module-overrides
OK	/api/super-admin/mol-shadow	/api/super-admin/mol-shadow
OK	/api/super-admin/oauth-apps	/api/super-admin/oauth-apps
OK	/api/super-admin/observability	/api/super-admin/observability
OK	/api/super-admin/observability/channels	/api/super-admin/observability/channels
OK	/api/super-admin/observability/channels/	/api/super-admin/observability/channels
OK	/api/super-admin/observability/events	/api/super-admin/observability/events
OK	/api/super-admin/observability/events/	/api/super-admin/observability/events
OK	/api/super-admin/observability/export	/api/super-admin/observability/export
OK	/api/super-admin/observability/rules	/api/super-admin/observability/rules
OK	/api/super-admin/observability/rules/	/api/super-admin/observability/rules
OK	/api/super-admin/observability/snapshot	/api/super-admin/observability/snapshot
OK	/api/super-admin/oracle-health	/api/super-admin/oracle-health
OK	/api/super-admin/payment-ops/reconcile	/api/super-admin/payment-ops/reconcile
OK	/api/super-admin/payment-ops/stats	/api/super-admin/payment-ops/stats
OK	/api/super-admin/payment-ops/stuck	/api/super-admin/payment-ops/stuck
OK	/api/super-admin/platform-ops	/api/super-admin/platform-ops
OK	/api/super-admin/rbac	/api/super-admin/rbac
OK	/api/super-admin/readiness-rubric	/api/super-admin/readiness-rubric
OK	/api/super-admin/reports	/api/super-admin/reports
OK	/api/super-admin/roles	/api/super-admin/roles
OK	/api/super-admin/safeguarding	/api/super-admin/safeguarding
OK	/api/super-admin/sessions	/api/super-admin/sessions
OK	/api/super-admin/sla	/api/super-admin/sla
OK	/api/super-admin/stats	/api/super-admin/stats
OK	/api/super-admin/strategic-reports/bloom-by-grade	/api/super-admin/strategic-reports/bloom-by-grade
OK	/api/super-admin/strategic-reports/cohort-retention	/api/super-admin/strategic-reports/cohort-retention
PREFIX_OK	/api/super-admin/students/	(prefix of route)
OK	/api/super-admin/subjects	/api/super-admin/subjects
OK	/api/super-admin/subjects/	/api/super-admin/subjects
OK	/api/super-admin/subjects/grade-map	/api/super-admin/subjects/grade-map
OK	/api/super-admin/subjects/plan-access	/api/super-admin/subjects/plan-access
OK	/api/super-admin/subjects/violations	/api/super-admin/subjects/violations
OK	/api/super-admin/subscribers	/api/super-admin/subscribers
OK	/api/super-admin/subscribers/	/api/super-admin/subscribers
OK	/api/super-admin/support	/api/super-admin/support
OK	/api/super-admin/synthesis-health	/api/super-admin/synthesis-health
OK	/api/super-admin/synthesis-quality	/api/super-admin/synthesis-quality
OK	/api/super-admin/test-accounts	/api/super-admin/test-accounts
OK	/api/super-admin/users	/api/super-admin/users
OK	/api/support/ai-issue	/api/support/ai-issue
OK	/api/support/ticket	/api/support/ticket
OK	/api/support/tickets	/api/support/tickets
OK	/api/support/tickets/	/api/support/tickets
OK	/api/synthesis/parent-share	/api/synthesis/parent-share
OK	/api/synthesis/state	/api/synthesis/state
OK	/api/teacher/assignments	/api/teacher/assignments
OK	/api/teacher/classes	/api/teacher/classes
OK	/api/teacher/classes/	/api/teacher/classes
OK	/api/teacher/escalate	/api/teacher/escalate
OK	/api/teacher/lab-leaderboard	/api/teacher/lab-leaderboard
OK	/api/teacher/messages	/api/teacher/messages
OK	/api/teacher/messages/threads	/api/teacher/messages/threads
OK	/api/teacher/messages/threads/	/api/teacher/messages/threads
OK	/api/teacher/modules	/api/teacher/modules
OK	/api/teacher/parent-notify	/api/teacher/parent-notify
OK	/api/teacher/profile	/api/teacher/profile
OK	/api/teacher/remediation	/api/teacher/remediation
OK	/api/teacher/students/	/api/teacher/students
OK	/api/teacher/subjects	/api/teacher/subjects
OK	/api/teacher/worksheets/answer-key	/api/teacher/worksheets/answer-key
OK	/api/telemetry/irt-shadow	/api/telemetry/irt-shadow
OK	/api/tenant/config	/api/tenant/config
OK	/api/tutor/answer	/api/tutor/answer
OK	/api/tutor/next	/api/tutor/next
OK	/api/usage/daily	/api/usage/daily
PREFIX_OK	/api/v1/	(prefix of route)
OK	/api/v1/admin/roles	/api/v1/admin/roles
OK	/api/v1/chapter-readiness	/api/v1/chapter-readiness
OK	/api/v1/health	/api/v1/health
OK	/api/v1/leaderboard	/api/v1/leaderboard
PREFIX_OK	/api/v1/leaderboard/class/	(prefix of route)
OK	/api/v1/leaderboard/mastery	/api/v1/leaderboard/mastery
OK	/api/v1/leaderboard/me	/api/v1/leaderboard/me
OK	/api/v1/leaderboard/my-class	/api/v1/leaderboard/my-class
OK	/api/v1/leaderboard/streaks	/api/v1/leaderboard/streaks
OK	/api/v1/leaderboard/titles	/api/v1/leaderboard/titles
DISCONNECTED	/api/v1/live-learners	-
OK	/api/v1/subject-readiness	/api/v1/subject-readiness
OK	/api/v2/exam-schedule	/api/v2/exam-schedule
OK	/api/v2/learn/curriculum	/api/v2/learn/curriculum
OK	/api/v2/parent/children	/api/v2/parent/children
OK	/api/v2/parent/encourage	/api/v2/parent/encourage
OK	/api/v2/quiz/submit	/api/v2/quiz/submit
OK	/api/v2/student/profile	/api/v2/student/profile
OK	/api/v2/today	/api/v2/today
OK	/api/whatsapp/link/start	/api/whatsapp/link/start
OK	/api/whatsapp/webhook	/api/whatsapp/webhook
