useAdmin	apps/host/src/app/super-admin/_components/AdminShell.tsx	lines=140	files=68	apps/host/src/app/super-admin/adaptive-loops/page.tsx:4 apps/host/src/app/super-admin/ai-quality/page.tsx:20 apps/host/src/app/super-admin/alfabot/page.tsx:22 
useAdminFetch	apps/host/src/app/internal/admin/_hooks/useAdminFetch.ts	lines=34	files=11	apps/host/src/app/internal/admin/_components/AIMonitorTab.tsx:17 apps/host/src/app/internal/admin/_components/CommandTab.tsx:21 apps/host/src/app/internal/admin/_components/ContentTab.tsx:19 
useAlerts	packages/lib/src/teacher/use-teacher-data.ts	lines=4	files=2	apps/host/src/app/teacher/CommandCenter.tsx:27 packages/lib/src/teacher/alert-reconciler.ts:43 
useAlfaBot	packages/ui/src/alfabot/AlfaBotProvider.tsx	lines=16	files=8	packages/ui/src/alfabot/AlfaBotEscapeHatch.tsx:17 packages/ui/src/alfabot/AlfaBotInput.tsx:17 packages/ui/src/alfabot/AlfaBotInquiryForm.tsx:27 
useAllowedChapters	packages/lib/src/useAllowedChapters.ts	lines=9	files=2	apps/host/src/app/(student)/library/page.tsx:17 packages/lib/src/supabase.ts:1391 
useAllowedSubjects	packages/lib/src/useAllowedSubjects.ts	lines=118	files=41	apps/host/src/app/(student)/dashboard/StudentOSDashboard.tsx:44 apps/host/src/app/(student)/exam-prep/page.tsx:9 apps/host/src/app/(student)/exams/page.tsx:9 
useAtlasFlag	packages/lib/src/use-atlas-flag.ts	lines=0	files=0	
useAuth	packages/lib/src/AuthContext.tsx	lines=397	files=191	apps/host/src/app/(student)/dashboard/page.tsx:4 apps/host/src/app/(student)/dashboard/StudentOSDashboard.tsx:42 apps/host/src/app/(student)/exam-prep/page.tsx:5 
useChapterReadiness	packages/lib/src/useChapterReadiness.ts	lines=18	files=9	apps/host/src/app/(student)/learn/[subject]/[chapter]/page.tsx:40 packages/ui/src/exam-briefing/os/ReadinessBriefing.tsx:24 packages/ui/src/exam-briefing/os/WeakChaptersFocus.tsx:23 
useCheckout	packages/lib/src/hooks/useCheckout.ts	lines=14	files=4	apps/host/src/app/me/page.tsx:41 packages/ui/src/billing/v2/PlanModal.tsx:34 packages/ui/src/landing/v3/PricingPlansV3.tsx:9 
useClassLeaderboard	packages/lib/src/teacher/use-teacher-data.ts	lines=2	files=1	apps/host/src/app/teacher/CommandCenter.tsx:58 
useClassList	packages/lib/src/teacher/use-teacher-data.ts	lines=0	files=0	
useClassOverview	packages/lib/src/teacher/use-teacher-data.ts	lines=2	files=1	apps/host/src/app/teacher/CommandCenter.tsx:61 
useClassPulse	packages/lib/src/pulse/use-pulse.ts	lines=6	files=4	apps/host/src/app/teacher/classes/page.tsx:11 apps/host/src/app/teacher/CommandCenter.tsx:75 packages/ui/src/pulse/StudentPulseList.tsx:12 
useCosmicLightSurface	packages/lib/src/use-cosmic-light-surface.ts	lines=18	files=7	apps/host/src/app/(student)/dashboard/StudentOSDashboard.tsx:30 apps/host/src/app/foxy/page.tsx:58 packages/ui/src/dashboard/os/palette.ts:68 
useCosmicTheme	packages/lib/src/cosmic-theme.tsx	lines=9	files=4	apps/host/src/app/dev/cosmic-preview/page.tsx:7 apps/host/src/app/school-admin/_components/SchoolAdminShell.tsx:13 apps/host/src/app/super-admin/_components/AdminShell.tsx:11 
useDashboardData	packages/lib/src/swr.tsx	lines=1	files=1	packages/ui/src/navigation/DesktopSidebar.tsx:180 
useDebounce	packages/lib/src/useDebounce.ts	lines=0	files=0	
useDebouncedValue	packages/lib/src/useDebounce.ts	lines=0	files=0	
useEducationIntelligenceFlag	apps/host/src/app/super-admin/intelligence/shared.tsx	lines=10	files=5	apps/host/src/app/super-admin/intelligence/geography/page.tsx:25 apps/host/src/app/super-admin/intelligence/page.tsx:151 apps/host/src/app/super-admin/intelligence/revenue/page.tsx:26 
useEscapeKey	packages/ui/src/ui/primitives/overlay/useEscapeKey.ts	lines=20	files=7	packages/ui/src/admin-ui/DetailDrawer.tsx:7 packages/ui/src/ui/primitives/BottomSheet.tsx:17 packages/ui/src/ui/primitives/Dialog.tsx:20 
useExamMode	packages/ui/src/ExamModeToggle.tsx	lines=0	files=0	
useExamSchedule	packages/lib/src/exams/use-exam-schedule.ts	lines=9	files=4	apps/host/src/app/tests/page.tsx:15 apps/host/src/app/today/page.tsx:57 packages/lib/src/exams/types.ts:5 
useFeatureFlags	packages/lib/src/swr.tsx	lines=49	files=22	apps/host/src/app/(student)/exams/mock/[paperId]/page.tsx:45 apps/host/src/app/(student)/leaderboard/page.tsx:15 apps/host/src/app/(student)/quiz/page.tsx:10 
useFieldControl	packages/ui/src/ui/primitives/Field.tsx	lines=7	files=4	packages/ui/src/ui/primitives/index.ts:46 packages/ui/src/ui/primitives/Input.tsx:11 packages/ui/src/ui/primitives/Select.tsx:11 
useFocusTrap	packages/ui/src/ui/primitives/overlay/useFocusTrap.ts	lines=19	files=7	packages/ui/src/admin-ui/DetailDrawer.tsx:6 packages/ui/src/ui/primitives/BottomSheet.tsx:16 packages/ui/src/ui/primitives/Dialog.tsx:19 
useFoxyChat	packages/ui/src/foxy-panel/useFoxyChat.ts	lines=19	files=7	apps/host/src/app/foxy/page.tsx:51 apps/host/src/app/foxy/_hooks/useFoxyChat.ts:1 apps/host/src/app/foxy/_lib/study-artifacts.ts:85 
useFoxyDurableThreadFlag	packages/lib/src/use-foxy-durable-thread-flag.ts	lines=2	files=1	apps/host/src/app/foxy/page.tsx:56 
useFoxyLearningActionsFlag	packages/lib/src/use-foxy-learning-actions-flag.ts	lines=3	files=1	apps/host/src/app/foxy/page.tsx:55 
useFoxyOS	packages/lib/src/hooks/useFoxyOS.ts	lines=5	files=3	apps/host/src/app/(student)/learn/foxy-test/page.tsx:4 apps/host/src/hooks/useFoxyOS.ts:17 packages/ui/src/FoxyRenderEngine.tsx:3 
useFoxyOsFlag	packages/lib/src/use-foxy-os-flag.ts	lines=3	files=1	apps/host/src/app/foxy/page.tsx:54 
useGenAiContentFlags	apps/host/src/app/foxy/_hooks/useGenAiContentFlags.ts	lines=4	files=1	apps/host/src/app/foxy/page.tsx:115 
useGradingQueue	packages/lib/src/teacher/use-teacher-data.ts	lines=3	files=1	apps/host/src/app/teacher/CommandCenter.tsx:27 
useHasUpcomingExam	packages/ui/src/navigation/use-has-upcoming-exam.ts	lines=8	files=4	packages/ui/src/navigation/DesktopSidebar.tsx:8 packages/ui/src/navigation/MobileBottomNav.tsx:42 packages/ui/src/navigation/NavMoreSheet.tsx:34 
useHeatmap	packages/lib/src/teacher/use-teacher-data.ts	lines=3	files=1	apps/host/src/app/teacher/CommandCenter.tsx:26 
useInTheMomentAlerts	packages/lib/src/teacher/use-teacher-data.ts	lines=2	files=1	apps/host/src/app/teacher/CommandCenter.tsx:60 
useInViewOnce	packages/ui/src/landing/v3/MotionPrimitives.tsx	lines=0	files=0	
useIsModuleEnabled	packages/lib/src/tenant-domain/client.tsx	lines=0	files=0	
useKeyboardInset	packages/lib/src/foxy/use-keyboard-inset.ts	lines=2	files=1	apps/host/src/app/foxy/page.tsx:57 
useLang	packages/ui/src/landing/LangToggle.tsx	lines=19	files=8	apps/host/src/app/schools/page.tsx:5 packages/ui/src/landing/CredibilityStrip.tsx:3 packages/ui/src/landing/Footer.tsx:4 
useLeaderboard	packages/lib/src/swr.tsx	lines=4	files=3	apps/host/src/app/(student)/leaderboard/page.tsx:15 apps/host/src/app/api/v1/leaderboard/route.ts:65 packages/lib/src/pulse/use-pulse.ts:14 
useLearnerActionForToday	packages/lib/src/swr.tsx	lines=2	files=1	packages/ui/src/study-plan/TodayLoopCard.tsx:26 
useLearnerDecision	packages/lib/src/state/rules/client.ts	lines=0	files=0	
useLearnerDecisions	packages/lib/src/state/rules/client.ts	lines=0	files=0	
useLearnerNext	packages/lib/src/swr.tsx	lines=1	files=1	packages/lib/src/pulse/use-pulse.ts:14 
useMasteryOverview	packages/lib/src/swr.tsx	lines=15	files=8	apps/host/src/app/(student)/dashboard/StudentOSDashboard.tsx:29 apps/host/src/app/(student)/practice/page.tsx:19 packages/ui/src/dashboard/os/MasterySnapshot.tsx:36 
useMisconceptionClusters	packages/lib/src/teacher/use-teacher-data.ts	lines=2	files=1	apps/host/src/app/teacher/CommandCenter.tsx:59 
useMockTestState	packages/ui/src/exams/useMockTestState.ts	lines=15	files=3	apps/host/src/app/(student)/exams/mock/[paperId]/results/page.tsx:7 packages/ui/src/exam/v2/ExamRunner.tsx:8 packages/ui/src/exams/MockTestRunner.tsx:6 
useMoreSheetItems	packages/ui/src/navigation/NavMoreSheet.tsx	lines=5	files=2	packages/ui/src/navigation/MobileBottomNav.tsx:41 packages/ui/src/navigation/TabletNavRail.tsx:54 
useMyPulse	packages/lib/src/pulse/use-pulse.ts	lines=3	files=1	apps/host/src/app/(student)/progress/page.tsx:35 
useNextTask	packages/lib/src/quiz/v2/use-next-task.ts	lines=3	files=2	apps/host/src/app/(student)/quiz/page.tsx:11 packages/ui/src/quiz/v2/ResultSummary.tsx:70 
useNotifications	packages/lib/src/swr.tsx	lines=3	files=1	apps/host/src/app/today/page.tsx:54 
useOfflineState	packages/lib/src/offline/use-offline-state.ts	lines=15	files=7	apps/host/src/app/me/page.tsx:19 apps/host/src/app/today/page.tsx:85 packages/ui/src/exam/v2/ExamRunner.tsx:31 
useOverlayStack	packages/ui/src/ui/primitives/overlay/overlayStack.ts	lines=10	files=5	packages/ui/src/admin-ui/DetailDrawer.tsx:8 packages/ui/src/ui/primitives/BottomSheet.tsx:19 packages/ui/src/ui/primitives/Dialog.tsx:22 
useParentAuth	apps/host/src/app/parent/_components/useParentAuth.ts	lines=3	files=1	apps/host/src/app/parent/_components/ParentShell.tsx:8 
useParentChildScope	packages/lib/src/parent/use-parent-child-scope.ts	lines=3	files=1	apps/host/src/app/parent/reports/ProgressPanel.tsx:15 
usePermissions	packages/lib/src/usePermissions.ts	lines=27	files=8	apps/host/src/app/(student)/progress/page.tsx:32 apps/host/src/app/parent/children/page.tsx:11 apps/host/src/app/school-admin/CommandCenter.tsx:43 
usePopoverPosition	packages/ui/src/ui/primitives/overlay/usePopoverPosition.ts	lines=13	files=4	packages/ui/src/navigation/TabletNavRail.tsx:364 packages/ui/src/ui/primitives/index.ts:163 packages/ui/src/ui/primitives/Menu.tsx:24 
usePortalAction	packages/lib/src/usePortalFetch.ts	lines=43	files=13	apps/host/src/app/hpc/page.tsx:22 apps/host/src/app/parent/attendance/page.tsx:6 apps/host/src/app/parent/children/page.tsx:8 
usePortalFetch	packages/lib/src/usePortalFetch.ts	lines=14	files=13	apps/host/src/app/hpc/page.tsx:19 apps/host/src/app/parent/attendance/page.tsx:6 apps/host/src/app/parent/children/page.tsx:8 
usePracticeHistory	packages/ui/src/practice/os/usePracticeHistory.ts	lines=8	files=5	packages/ui/src/practice/os/DuePracticeCard.tsx:20 packages/ui/src/practice/os/PracticeCenter.tsx:9 packages/ui/src/practice/os/PracticeHeader.tsx:19 
usePracticeOsFlag	packages/lib/src/use-practice-os-flag.ts	lines=2	files=1	apps/host/src/app/(student)/practice/page.tsx:28 
usePrefersReducedMotion	packages/ui/src/cosmic/usePrefersReducedMotion.ts	lines=15	files=5	packages/ui/src/cosmic/index.ts:34 packages/ui/src/landing/FoxyMark.tsx:20 packages/ui/src/landing/v3/FoxyMascot.tsx:4 
usePresence	packages/ui/src/ui/primitives/overlay/usePresence.ts	lines=17	files=7	packages/ui/src/ui/primitives/BottomSheet.tsx:18 packages/ui/src/ui/primitives/Dialog.tsx:21 packages/ui/src/ui/primitives/Drawer.tsx:16 
usePrincipalAi	packages/lib/src/use-principal-ai.ts	lines=5	files=2	apps/host/src/app/school-admin/ai-assistant/page.tsx:11 apps/host/src/app/school-admin/_components/SchoolAdminShell.tsx:12 
usePulse	packages/lib/src/pulse/use-pulse.ts	lines=4	files=2	apps/host/src/app/parent/children/page.tsx:12 apps/host/src/app/teacher/students/page.tsx:9 
usePythonVoiceEnabled	packages/lib/src/voice-feature-flag.ts	lines=8	files=5	apps/host/src/app/foxy/page.tsx:23 packages/ui/src/foxy/ChatInput.tsx:6 packages/ui/src/foxy/useVoicePlayback.ts:6 
useRealtimeOpsEvents	apps/host/src/app/super-admin/_hooks/useRealtimeOpsEvents.ts	lines=0	files=0	
useRealtimeRevalidator	packages/lib/src/hooks/useRealtimeRevalidator.ts	lines=6	files=2	apps/host/src/app/parent/page.tsx:11 apps/host/src/hooks/useRealtimeRevalidator.ts:2 
useRealtimeSubscription	packages/lib/src/hooks/useRealtimeSubscription.ts	lines=1	files=1	apps/host/src/hooks/useRealtimeSubscription.ts:5 
useRequireAuth	packages/lib/src/useRequireAuth.ts	lines=26	files=9	apps/host/src/app/(student)/assignments/page.tsx:45 apps/host/src/app/(student)/learn/foxy-test/page.tsx:6 apps/host/src/app/(student)/practice/page.tsx:27 
useResponsiveCanvas	packages/lib/src/hooks/useResponsiveCanvas.ts	lines=76	files=26	apps/host/src/app/stem-centre/page.tsx:469 packages/ui/src/simulations/AlveoliBreathingLab.tsx:3 packages/ui/src/simulations/ArchimedesPrinciple.tsx:3 
useReveal	packages/ui/src/landing/useReveal.ts	lines=59	files=19	apps/host/src/app/about/AboutContent.tsx:4 packages/ui/src/landing/FinalCtaV2.tsx:5 packages/ui/src/landing/MissionV2.tsx:4 
useReviewCards	packages/lib/src/swr.tsx	lines=4	files=4	apps/host/src/app/(student)/dashboard/StudentOSDashboard.tsx:24 packages/ui/src/dashboard/os/RevisionRail.tsx:9 packages/lib/src/flags/registries/consumer.ts:111 
useRevisionOsFlag	packages/lib/src/use-revision-os-flag.ts	lines=2	files=1	apps/host/src/app/(student)/revision/page.tsx:23 
useRevisionOverview	packages/ui/src/review/os/useRevisionOverview.ts	lines=11	files=6	packages/ui/src/dashboard/os/RevisionRail.tsx:33 packages/ui/src/review/os/DueBuckets.tsx:28 packages/ui/src/review/os/RevisionCenter.tsx:9 
useSELCheckIn	packages/ui/src/SELCheckIn.tsx	lines=2	files=1	apps/host/src/app/foxy/page.tsx:38 
useSchool	packages/lib/src/SchoolContext.tsx	lines=3	files=1	packages/ui/src/SchoolBrandedHeader.tsx:6 
useSchoolAdminAuth	packages/ui/src/school-admin/use-school-admin-auth.ts	lines=27	files=14	apps/host/src/app/school-admin/announcements/page.tsx:6 apps/host/src/app/school-admin/api-keys/page.tsx:6 apps/host/src/app/school-admin/audit-log/page.tsx:6 
useSchoolAdminCtx	packages/lib/src/school-admin/school-admin-context.tsx	lines=0	files=0	
useSchoolAdminRbac	packages/lib/src/use-school-admin-rbac.ts	lines=7	files=4	apps/host/src/app/school-admin/staff/page.tsx:13 apps/host/src/app/school-admin/staff/StaffManagement.tsx:9 apps/host/src/app/school-admin/_components/SchoolAdminShell.tsx:10 
useSchoolAdminRole	packages/lib/src/use-school-admin-role.ts	lines=7	files=3	apps/host/src/app/school-admin/ai-assistant/page.tsx:18 apps/host/src/app/school-admin/staff/StaffManagement.tsx:24 apps/host/src/app/school-admin/_components/SchoolAdminShell.tsx:11 
useSchoolCommandCenter	packages/lib/src/use-school-command-center.ts	lines=4	files=4	apps/host/src/app/school-admin/_components/SchoolAdminShell.tsx:34 packages/lib/src/use-school-provisioning.ts:6 packages/lib/src/use-school-pulse-flag.ts:8 
useSchoolProvisioning	packages/lib/src/use-school-provisioning.ts	lines=10	files=7	apps/host/src/app/school-admin/CommandCenter.tsx:46 apps/host/src/app/school-admin/enroll/page.tsx:6 apps/host/src/app/school-admin/invite-codes/page.tsx:8 
useSchoolPulse	packages/lib/src/pulse/use-pulse.ts	lines=6	files=2	apps/host/src/app/school-admin/CommandCenter.tsx:44 packages/lib/src/use-school-pulse-flag.ts:30 
useSchoolPulseFlag	packages/lib/src/use-school-pulse-flag.ts	lines=3	files=1	apps/host/src/app/school-admin/CommandCenter.tsx:45 
useSchoolReportsDepth	packages/lib/src/use-school-reports-depth.ts	lines=5	files=2	apps/host/src/app/school-admin/reports-depth/page.tsx:15 apps/host/src/app/school-admin/_components/SchoolAdminShell.tsx:9 
useScrollLock	packages/ui/src/ui/primitives/overlay/useScrollLock.ts	lines=16	files=7	packages/ui/src/admin-ui/DetailDrawer.tsx:5 packages/ui/src/ui/primitives/BottomSheet.tsx:15 packages/ui/src/ui/primitives/Dialog.tsx:18 
useSetup	packages/lib/src/onboarding/use-setup.ts	lines=7	files=3	apps/host/src/app/onboarding/page.tsx:26 packages/ui/src/dashboard/os/BoardScoreWidget.tsx:186 packages/ui/src/dashboard/os/BoardSubjectPicker.tsx:24 
useSimulations	packages/ui/src/useSimulations.ts	lines=0	files=0	
useSnapCurriculumTopics	packages/lib/src/foxy/use-snap-curriculum-topics.ts	lines=4	files=2	apps/host/src/app/foxy/snap/page.tsx:17 packages/ui/src/foxy/v2/SnapDoubt.tsx:37 
useStudentMasteryReport	packages/lib/src/teacher/use-teacher-data.ts	lines=4	files=1	apps/host/src/app/teacher/CommandCenter.tsx:27 
useStudentProfiles	packages/lib/src/swr.tsx	lines=0	files=0	
useStudentSnapshot	packages/lib/src/swr.tsx	lines=10	files=6	apps/host/src/app/(student)/practice/page.tsx:19 packages/ui/src/practice/os/PracticeCenter.tsx:10 packages/ui/src/practice/os/PracticeHeader.tsx:10 
useStudyArtifacts	apps/host/src/app/foxy/_hooks/useStudyArtifacts.ts	lines=3	files=1	apps/host/src/app/foxy/page.tsx:119 
useStudyPlan	packages/lib/src/swr.tsx	lines=0	files=0	
useSubjectLookup	packages/lib/src/useSubjectLookup.ts	lines=15	files=5	packages/ui/src/foxy/ChatInput.tsx:4 packages/ui/src/foxy/ConversationHeader.tsx:3 packages/ui/src/foxy/ConversationManager.tsx:4 
useSubjectReadiness	packages/lib/src/useSubjectReadiness.ts	lines=28	files=10	apps/host/src/app/(student)/learn/page.tsx:44 packages/ui/src/exam-briefing/os/ReadinessBriefing.tsx:8 packages/ui/src/exam-briefing/os/WeakChaptersFocus.tsx:9 
useSubjects	packages/lib/src/swr.tsx	lines=0	files=0	
useSubjectsOsFlag	packages/lib/src/use-subjects-os-flag.ts	lines=2	files=1	apps/host/src/app/(student)/learn/page.tsx:46 
useTeacherAllowedSubjects	packages/lib/src/useTeacherAllowedSubjects.ts	lines=16	files=6	apps/host/src/app/teacher/assignments/page.tsx:8 apps/host/src/app/teacher/classes/page.tsx:7 apps/host/src/app/teacher/onboarding/page.tsx:7 
useTeacherAssignmentLifecycle	packages/lib/src/use-teacher-assignment-lifecycle.ts	lines=4	files=3	apps/host/src/app/teacher/CommandCenter.tsx:47 packages/lib/src/use-teacher-gradebook-depth.ts:12 packages/lib/src/use-teacher-parent-comms.ts:14 
useTeacherDashboard	packages/lib/src/teacher/use-teacher-data.ts	lines=3	files=1	apps/host/src/app/teacher/CommandCenter.tsx:26 
useTeacherGradebookDepth	packages/lib/src/use-teacher-gradebook-depth.ts	lines=5	files=3	apps/host/src/app/teacher/CommandCenter.tsx:48 apps/host/src/app/teacher/grade-book/page.tsx:24 packages/lib/src/use-teacher-parent-comms.ts:15 
useTeacherParentComms	packages/lib/src/use-teacher-parent-comms.ts	lines=2	files=1	apps/host/src/app/teacher/CommandCenter.tsx:49 
useTenant	packages/lib/src/tenant-context.ts	lines=14	files=7	apps/host/src/app/school-admin/_components/SchoolAdminShell.tsx:6 apps/host/src/app/teacher/_components/TeacherShell.tsx:15 packages/ui/src/school/NotificationCenter.tsx:6 
useTenantConfig	packages/lib/src/tenant-domain/client.tsx	lines=0	files=0	
useTenantConfigValue	packages/lib/src/tenant-domain/client.tsx	lines=0	files=0	
useTenantType	packages/lib/src/tenant-domain/client.tsx	lines=0	files=0	
useTestOsFlag	packages/lib/src/use-test-os-flag.ts	lines=2	files=1	apps/host/src/app/exam-briefing/page.tsx:30 
useToast	packages/ui/src/ui/primitives/Toast.tsx	lines=4	files=3	apps/host/src/app/dev/ui/page.tsx:46 apps/host/src/app/tests/page.tsx:25 packages/ui/src/ui/primitives/index.ts:118 
useTodayQueue	packages/lib/src/today/use-today-queue.ts	lines=14	files=6	apps/host/src/app/(student)/dashboard/StudentOSDashboard.tsx:46 apps/host/src/app/today/page.tsx:56 packages/ui/src/dashboard/os/TodaysMission.tsx:8 
useTouchAndMouse	packages/lib/src/hooks/useTouchAndMouse.ts	lines=2	files=1	apps/host/src/hooks/useTouchAndMouse.ts:14 
useUpcomingExams	packages/ui/src/exam-briefing/os/useUpcomingExams.ts	lines=12	files=8	packages/ui/src/exam-briefing/os/briefing-helpers.ts:18 packages/ui/src/exam-briefing/os/ExamBriefingHub.tsx:10 packages/ui/src/exam-briefing/os/PredictedScoreCard.tsx:29 
useVoicePlayback	packages/ui/src/foxy/useVoicePlayback.ts	lines=0	files=0	
useWelcomeV2	packages/ui/src/landing/WelcomeV2Context.tsx	lines=104	files=49	apps/host/src/app/about/AboutContent.tsx:3 apps/host/src/app/for-parents/page.tsx:4 packages/ui/src/alfabot/AlfaBotEscapeHatch.tsx:18 
