useAdmin	apps/host/src/app/super-admin/_components/AdminShell.tsx:105
useAdminFetch	apps/host/src/app/internal/admin/_hooks/useAdminFetch.ts:18
useAlerts	packages/lib/src/teacher/use-teacher-data.ts:183
useAlfaBot	packages/ui/src/alfabot/AlfaBotProvider.tsx:112
useAllowedChapters	packages/lib/src/useAllowedChapters.ts:93
useAllowedSubjects	packages/lib/src/useAllowedSubjects.ts:40
useAtlasFlag	packages/lib/src/use-atlas-flag.ts:119
useAuth	packages/lib/src/AuthContext.tsx:139
useChapterReadiness	packages/lib/src/useChapterReadiness.ts:69
useCheckout	packages/lib/src/hooks/useCheckout.ts:52
useClassLeaderboard	packages/lib/src/teacher/use-teacher-data.ts:377
useClassList	packages/lib/src/teacher/use-teacher-data.ts:206
useClassOverview	packages/lib/src/teacher/use-teacher-data.ts:343
useClassPulse	packages/lib/src/pulse/use-pulse.ts:103
useCosmicLightSurface	packages/lib/src/use-cosmic-light-surface.ts:26
useCosmicTheme	packages/lib/src/cosmic-theme.tsx:296
useDashboardData	packages/lib/src/swr.tsx:376
useDebounce	packages/lib/src/useDebounce.ts:7
useDebouncedValue	packages/lib/src/useDebounce.ts:26
useEducationIntelligenceFlag	apps/host/src/app/super-admin/intelligence/shared.tsx:98
useEscapeKey	packages/ui/src/ui/primitives/overlay/useEscapeKey.ts:18
useExamMode	packages/ui/src/ExamModeToggle.tsx:36
useExamSchedule	packages/lib/src/exams/use-exam-schedule.ts:58
useFeatureFlags	packages/lib/src/swr.tsx:116
useFieldControl	packages/ui/src/ui/primitives/Field.tsx:46
useFocusTrap	packages/ui/src/ui/primitives/overlay/useFocusTrap.ts:57
useFoxyChat	packages/ui/src/foxy-panel/useFoxyChat.ts:662
useFoxyDurableThreadFlag	packages/lib/src/use-foxy-durable-thread-flag.ts:118
useFoxyLearningActionsFlag	packages/lib/src/use-foxy-learning-actions-flag.ts:107
useFoxyOS	apps/host/src/hooks/useFoxyOS.ts:17
useFoxyOS	packages/lib/src/hooks/useFoxyOS.ts:17
useFoxyOsFlag	packages/lib/src/use-foxy-os-flag.ts:105
useGenAiContentFlags	apps/host/src/app/foxy/_hooks/useGenAiContentFlags.ts:147
useGradingQueue	packages/lib/src/teacher/use-teacher-data.ts:215
useHasUpcomingExam	packages/ui/src/navigation/use-has-upcoming-exam.ts:35
useHeatmap	packages/lib/src/teacher/use-teacher-data.ts:157
useInTheMomentAlerts	packages/lib/src/teacher/use-teacher-data.ts:318
useInViewOnce	packages/ui/src/landing/v3/MotionPrimitives.tsx:28
useIsModuleEnabled	packages/lib/src/tenant-domain/client.tsx:240
useKeyboardInset	packages/lib/src/foxy/use-keyboard-inset.ts:57
useLang	packages/ui/src/landing/LangToggle.tsx:23
useLeaderboard	packages/lib/src/swr.tsx:166
useLearnerActionForToday	packages/lib/src/swr.tsx:336
useLearnerDecision	packages/lib/src/state/rules/client.ts:102
useLearnerDecisions	packages/lib/src/state/rules/client.ts:64
useLearnerNext	packages/lib/src/swr.tsx:253
useMasteryOverview	packages/lib/src/swr.tsx:206
useMisconceptionClusters	packages/lib/src/teacher/use-teacher-data.ts:279
useMockTestState	packages/ui/src/exams/useMockTestState.ts:68
useMoreSheetItems	packages/ui/src/navigation/NavMoreSheet.tsx:54
useMyPulse	packages/lib/src/pulse/use-pulse.ts:94
useNextTask	packages/lib/src/quiz/v2/use-next-task.ts:45
useNotifications	packages/lib/src/swr.tsx:197
useOfflineState	packages/lib/src/offline/use-offline-state.ts:30
useOverlayStack	packages/ui/src/ui/primitives/overlay/overlayStack.ts:41
useParentAuth	apps/host/src/app/parent/_components/useParentAuth.ts:29
useParentChildScope	packages/lib/src/parent/use-parent-child-scope.ts:70
usePermissions	packages/lib/src/usePermissions.ts:82
usePopoverPosition	packages/ui/src/ui/primitives/overlay/usePopoverPosition.ts:120
usePortalAction	packages/lib/src/usePortalFetch.ts:96
usePortalFetch	packages/lib/src/usePortalFetch.ts:30
usePracticeHistory	packages/ui/src/practice/os/usePracticeHistory.ts:112
usePracticeOsFlag	packages/lib/src/use-practice-os-flag.ts:118
usePrefersReducedMotion	packages/ui/src/cosmic/usePrefersReducedMotion.ts:18
usePresence	packages/ui/src/ui/primitives/overlay/usePresence.ts:36
usePrincipalAi	packages/lib/src/use-principal-ai.ts:77
usePulse	packages/lib/src/pulse/use-pulse.ts:85
usePythonVoiceEnabled	packages/lib/src/voice-feature-flag.ts:116
useRealtimeOpsEvents	apps/host/src/app/super-admin/_hooks/useRealtimeOpsEvents.ts:63
useRealtimeRevalidator	apps/host/src/hooks/useRealtimeRevalidator.ts:90
useRealtimeRevalidator	packages/lib/src/hooks/useRealtimeRevalidator.ts:90
useRealtimeSubscription	apps/host/src/hooks/useRealtimeSubscription.ts:5
useRealtimeSubscription	packages/lib/src/hooks/useRealtimeSubscription.ts:5
useRequireAuth	packages/lib/src/useRequireAuth.ts:14
useResponsiveCanvas	packages/lib/src/hooks/useResponsiveCanvas.ts:65
useReveal	packages/ui/src/landing/useReveal.ts:22
useReviewCards	packages/lib/src/swr.tsx:134
useRevisionOsFlag	packages/lib/src/use-revision-os-flag.ts:118
useRevisionOverview	packages/ui/src/review/os/useRevisionOverview.ts:90
useSELCheckIn	packages/ui/src/SELCheckIn.tsx:116
useSchool	packages/lib/src/SchoolContext.tsx:80
useSchoolAdminAuth	packages/ui/src/school-admin/use-school-admin-auth.ts:53
useSchoolAdminCtx	packages/lib/src/school-admin/school-admin-context.tsx:35
useSchoolAdminRbac	packages/lib/src/use-school-admin-rbac.ts:82
useSchoolAdminRole	packages/lib/src/use-school-admin-role.ts:56
useSchoolCommandCenter	packages/lib/src/use-school-command-center.ts:77
useSchoolProvisioning	packages/lib/src/use-school-provisioning.ts:80
useSchoolPulse	packages/lib/src/pulse/use-pulse.ts:115
useSchoolPulseFlag	packages/lib/src/use-school-pulse-flag.ts:85
useSchoolReportsDepth	packages/lib/src/use-school-reports-depth.ts:82
useScrollLock	packages/ui/src/ui/primitives/overlay/useScrollLock.ts:45
useSetup	packages/lib/src/onboarding/use-setup.ts:79
useSimulations	packages/ui/src/useSimulations.ts:27
useSnapCurriculumTopics	packages/lib/src/foxy/use-snap-curriculum-topics.ts:86
useStudentMasteryReport	packages/lib/src/teacher/use-teacher-data.ts:235
useStudentProfiles	packages/lib/src/swr.tsx:84
useStudentSnapshot	packages/lib/src/swr.tsx:107
useStudyArtifacts	apps/host/src/app/foxy/_hooks/useStudyArtifacts.ts:54
useStudyPlan	packages/lib/src/swr.tsx:121
useSubjectLookup	packages/lib/src/useSubjectLookup.ts:13
useSubjectReadiness	packages/lib/src/useSubjectReadiness.ts:56
useSubjects	packages/lib/src/swr.tsx:93
useSubjectsOsFlag	packages/lib/src/use-subjects-os-flag.ts:106
useTeacherAllowedSubjects	packages/lib/src/useTeacherAllowedSubjects.ts:16
useTeacherAssignmentLifecycle	packages/lib/src/use-teacher-assignment-lifecycle.ts:75
useTeacherDashboard	packages/lib/src/teacher/use-teacher-data.ts:143
useTeacherGradebookDepth	packages/lib/src/use-teacher-gradebook-depth.ts:76
useTeacherParentComms	packages/lib/src/use-teacher-parent-comms.ts:80
useTenant	packages/lib/src/tenant-context.ts:9
useTenantConfig	packages/lib/src/tenant-domain/client.tsx:230
useTenantConfigValue	packages/lib/src/tenant-domain/client.tsx:252
useTenantType	packages/lib/src/tenant-domain/client.tsx:261
useTestOsFlag	packages/lib/src/use-test-os-flag.ts:118
useToast	packages/ui/src/ui/primitives/Toast.tsx:185
useTodayQueue	packages/lib/src/today/use-today-queue.ts:42
useTouchAndMouse	apps/host/src/hooks/useTouchAndMouse.ts:17
useTouchAndMouse	packages/lib/src/hooks/useTouchAndMouse.ts:17
useUpcomingExams	packages/ui/src/exam-briefing/os/useUpcomingExams.ts:54
useVoicePlayback	packages/ui/src/foxy/useVoicePlayback.ts:78
useWelcomeV2	packages/ui/src/landing/WelcomeV2Context.tsx:45
