apps/host/src/app/(student)/assignments/page.tsx	from:'assignment_submissions
apps/host/src/app/(student)/assignments/page.tsx	from:'assignments
apps/host/src/app/(student)/assignments/page.tsx	from:'curriculum_topics
apps/host/src/app/(student)/exam-prep/page.tsx	from:'cognitive_session_metrics
apps/host/src/app/(student)/exam-prep/page.tsx	from:'knowledge_gaps
apps/host/src/app/(student)/exam-prep/page.tsx	from:'study_plan_tasks
apps/host/src/app/(student)/exam-prep/page.tsx	from:'study_plans
apps/host/src/app/(student)/exams/page.tsx	from:'curriculum_topics
apps/host/src/app/(student)/exams/page.tsx	from:'exam_chapters
apps/host/src/app/(student)/exams/page.tsx	from:'exam_configs
apps/host/src/app/(student)/exams/page.tsx	from:'subjects
apps/host/src/app/(student)/learn/[subject]/[chapter]/page.tsx	from:'chapters
apps/host/src/app/(student)/learn/[subject]/[chapter]/page.tsx	from:'concept_mastery_score
apps/host/src/app/(student)/learn/[subject]/[chapter]/page.tsx	from:'curriculum_topics
apps/host/src/app/(student)/learn/[subject]/[chapter]/page.tsx	from:'students
apps/host/src/app/(student)/learn/[subject]/[chapter]/page.tsx	from:'subjects
apps/host/src/app/(student)/learn/page.tsx	from:'chapter_progress
apps/host/src/app/(student)/learn/page.tsx	from:'chapters
apps/host/src/app/(student)/profile/page.tsx	from:'achievements
apps/host/src/app/(student)/profile/page.tsx	from:'challenge_streaks
apps/host/src/app/(student)/profile/page.tsx	from:'coin_balances
apps/host/src/app/(student)/profile/page.tsx	from:'concept_mastery
apps/host/src/app/(student)/profile/page.tsx	from:'guardian_student_links
apps/host/src/app/(student)/profile/page.tsx	from:'quiz_sessions
apps/host/src/app/(student)/profile/page.tsx	from:'student_achievements
apps/host/src/app/(student)/profile/page.tsx	from:'student_learning_profiles
apps/host/src/app/(student)/profile/page.tsx	from:'students
apps/host/src/app/(student)/progress/page.tsx	from:'cognitive_session_metrics
apps/host/src/app/(student)/progress/page.tsx	from:'coin_balances
apps/host/src/app/(student)/progress/page.tsx	from:'performance_scores
apps/host/src/app/(student)/progress/page.tsx	from:'score_history
apps/host/src/app/(student)/progress/page.tsx	from:'topic_mastery_rollup
apps/host/src/app/(student)/quiz/page.tsx	from:'exam_simulations
apps/host/src/app/(student)/quiz/page.tsx	from:'question_bank
apps/host/src/app/(student)/reports/page.tsx	from:'bloom_progression
apps/host/src/app/(student)/reports/page.tsx	from:'monthly_reports
apps/host/src/app/(student)/reports/page.tsx	from:'quiz_sessions
apps/host/src/app/(student)/reports/page.tsx	from:'student_learning_profiles
apps/host/src/app/auth/reset/page.tsx	from:'audit_logs
apps/host/src/app/challenge/page.tsx	from:'challenge_attempts
apps/host/src/app/challenge/page.tsx	from:'challenge_streaks
apps/host/src/app/challenge/page.tsx	from:'concept_mastery
apps/host/src/app/challenge/page.tsx	from:'daily_challenges
apps/host/src/app/challenge/page.tsx	from:'quiz_sessions
apps/host/src/app/challenge/page.tsx	rpc:'submit_challenge_attempt'
apps/host/src/app/demo/page.tsx	from:'demo_requests
apps/host/src/app/foxy/page.tsx	from:'curriculum_topics
apps/host/src/app/foxy/page.tsx	from:'foxy_chat_messages
apps/host/src/app/foxy/page.tsx	from:'foxy_sessions
apps/host/src/app/foxy/page.tsx	from:'subjects
apps/host/src/app/foxy/page.tsx	rpc:'track_ai_quality'
apps/host/src/app/lab-notebook/[studentId]/page.tsx	from:'experiment_observations
apps/host/src/app/lab-notebook/[studentId]/page.tsx	from:'student_lab_badges
apps/host/src/app/lab-notebook/[studentId]/page.tsx	from:'student_lab_streaks
apps/host/src/app/lab-notebook/[studentId]/page.tsx	from:'students
apps/host/src/app/me/page.tsx	from:'concept_mastery
apps/host/src/app/me/page.tsx	from:'guardian_student_links
apps/host/src/app/me/page.tsx	from:'quiz_sessions
apps/host/src/app/me/page.tsx	from:'student_achievements
apps/host/src/app/me/page.tsx	from:'student_learning_profiles
apps/host/src/app/me/page.tsx	from:'students
apps/host/src/app/notifications/page.tsx	rpc:'mark_all_notifications_read'
apps/host/src/app/notifications/page.tsx	rpc:'mark_notification_read'
apps/host/src/app/onboarding/page.tsx	from:'students
apps/host/src/app/parent/children/page.tsx	from:'guardian_student_links
apps/host/src/app/parent/children/page.tsx	rpc:'parent_revoke_guardian_link'
apps/host/src/app/parent/page.tsx	from:'performance_scores
apps/host/src/app/parent/page.tsx	from:'student_lab_streaks
apps/host/src/app/parent/profile/page.tsx	from:'guardians
apps/host/src/app/parent/reports/page.tsx	from:'assignment_submissions
apps/host/src/app/parent/reports/page.tsx	from:'performance_scores
apps/host/src/app/parent/reports/page.tsx	from:'score_history
apps/host/src/app/scan/page.tsx	from:'image_uploads
apps/host/src/app/scan/page.tsx	from:'uploads
apps/host/src/app/school-admin/_components/SchoolAdminShell.tsx	from:'school_admins
apps/host/src/app/school-admin/billing/page.tsx	from:'school_seat_usage
apps/host/src/app/school-admin/billing/page.tsx	from:'schools
apps/host/src/app/school-admin/classes/page.tsx	rpc:'get_school_classes'
apps/host/src/app/school-admin/escalations/page.tsx	from:'school_admins
apps/host/src/app/school-admin/invite-codes/page.tsx	from:'classes
apps/host/src/app/school-admin/invite-codes/page.tsx	from:'school_invite_codes
apps/host/src/app/school-admin/parents/page.tsx	from:'school_admins
apps/host/src/app/school-admin/rbac/page.tsx	from:'school_admins
apps/host/src/app/school-admin/setup/page.tsx	from:'classes
apps/host/src/app/school-admin/setup/page.tsx	from:'schools
apps/host/src/app/school-admin/students/page.tsx	rpc:'get_school_students'
apps/host/src/app/school-admin/teachers/page.tsx	from:'school_invite_codes
apps/host/src/app/school-admin/teachers/page.tsx	rpc:'get_school_teachers'
apps/host/src/app/settings/page.tsx	from:'student_learning_profiles
apps/host/src/app/stem-centre/page.tsx	from:'interactive_simulations
apps/host/src/app/stem-centre/page.tsx	rpc:'complete_experiment'
apps/host/src/app/teacher/assignments/page.tsx	from:'assignments
apps/host/src/app/teacher/onboarding/page.tsx	from:'teachers
apps/host/src/app/teacher/onboarding/page.tsx	rpc:'teacher_create_class'
apps/host/src/app/teacher/submissions/page.tsx	from:'assignments
packages/lib/src/AuthContext.tsx	from:'admin_users
packages/lib/src/AuthContext.tsx	from:'guardians
packages/lib/src/AuthContext.tsx	from:'school_admins
packages/lib/src/AuthContext.tsx	from:'students
packages/lib/src/AuthContext.tsx	from:'teachers
packages/lib/src/AuthContext.tsx	rpc:'get_user_role'
packages/lib/src/onboarding/use-setup.ts	from:'students
packages/lib/src/swr.tsx	rpc:'get_dashboard_data'
packages/lib/src/usePermissions.ts	rpc:'get_user_permissions'
packages/ui/src/ExamProphecy.tsx	rpc:'predict_exam_score'
packages/ui/src/MaintenanceBanner.tsx	from:'feature_flags
packages/ui/src/challenge/ClassChallengeBoard.tsx	from:'challenge_attempts
packages/ui/src/challenge/ClassChallengeBoard.tsx	from:'students
packages/ui/src/exam-briefing/os/useUpcomingExams.ts	from:'exam_configs
packages/ui/src/foxy/FoxyStructuredRenderer.tsx	from:'topic_diagrams
packages/ui/src/navigation/use-has-upcoming-exam.ts	from:'student_exams
packages/ui/src/onboarding/OnboardingFlow.tsx	from:'onboarding_responses
packages/ui/src/onboarding/OnboardingFlow.tsx	from:'students
packages/ui/src/parent/ParentLabReportWidget.tsx	from:'experiment_observations
packages/ui/src/parent/ParentLabReportWidget.tsx	from:'student_lab_streaks
packages/ui/src/quiz/QuizResults.tsx	from:'feature_flags
packages/ui/src/quiz/QuizResults.tsx	from:'performance_scores
packages/ui/src/quiz/QuizResults.tsx	from:'spaced_repetition_cards
packages/ui/src/refresh/RetentionTestsSection.tsx	from:'retention_tests
packages/ui/src/school-admin/use-school-admin-auth.ts	from:'school_admins
packages/ui/src/school/NotificationCenter.tsx	from:'notifications
packages/ui/src/school/ParentExamSchedule.tsx	from:'guardian_student_links
packages/ui/src/school/ParentExamSchedule.tsx	from:'guardians
packages/ui/src/school/ParentExamSchedule.tsx	from:'school_exams
packages/ui/src/school/SchoolAnnouncementBanner.tsx	from:'school_announcements
packages/ui/src/school/UpcomingExamCard.tsx	from:'school_exams
packages/ui/src/xp/XPActivityFeed.tsx	from:'xp_transactions
